0, Lastname1 FirstName1
1, Lastname1 FirstName1
2, Lastname1 FirstName1
3, Lastname1 FirstName1
4, Lastname1 FirstName1
5, Lastname1 FirstName1
6, Lastname1 FirstName1
7, Lastname1 FirstName1
8, Lastname1 FirstName1
9, Lastname1 FirstName1
10, Lastname1 FirstName1
11, Lastname1 FirstName1
12, Lastname1 FirstName1
13, Lastname1 FirstName1
14, Lastname1 FirstName1
15, Lastname1 FirstName1
16, Lastname1 FirstName1
17, Lastname1 FirstName1
18, Lastname1 FirstName1
19, Lastname1 FirstName1
20, Lastname1 FirstName1
21, Lastname1 FirstName1
22, Lastname1 FirstName1
23, Lastname1 FirstName1
24, Lastname1 FirstName1
25, Lastname1 FirstName1
26, Lastname1 FirstName1
27, Lastname1 FirstName1
28, Lastname1 FirstName1
29, Lastname1 FirstName1
30, Lastname1 FirstName1
31, Lastname1 FirstName1
32, Lastname1 FirstName1
33, Lastname1 FirstName1
34, Lastname1 FirstName1
35, Lastname1 FirstName1
36, Lastname1 FirstName1
37, Lastname1 FirstName1
38, Lastname1 FirstName1
39, Lastname1 FirstName1
40, Lastname1 FirstName1
41, Lastname1 FirstName1
42, Lastname1 FirstName1
43, Lastname1 FirstName1
44, Lastname1 FirstName1
45, Lastname1 FirstName1
46, Lastname1 FirstName1
47, Lastname1 FirstName1
48, Lastname1 FirstName1
49, Lastname1 FirstName1
50, Lastname1 FirstName1
51, Lastname1 FirstName1
52, Lastname1 FirstName1
53, Lastname1 FirstName1
54, Lastname1 FirstName1
55, Lastname1 FirstName1
56, Lastname1 FirstName1
57, Lastname1 FirstName1
58, Lastname1 FirstName1
59, Lastname1 FirstName1
60, Lastname1 FirstName1
61, Lastname1 FirstName1
62, Lastname1 FirstName1
63, Lastname1 FirstName1
64, Lastname1 FirstName1
65, Lastname1 FirstName1
66, Lastname1 FirstName1
67, Lastname1 FirstName1
68, Lastname1 FirstName1
69, Lastname1 FirstName1
70, Lastname1 FirstName1
71, Lastname1 FirstName1
72, Lastname1 FirstName1
73, Lastname1 FirstName1
74, Lastname1 FirstName1
75, Lastname1 FirstName1
76, Lastname1 FirstName1
77, Lastname1 FirstName1
78, Lastname1 FirstName1
79, Lastname1 FirstName1
80, Lastname1 FirstName1
81, Lastname1 FirstName1
82, Lastname1 FirstName1
83, Lastname1 FirstName1
84, Lastname1 FirstName1
85, Lastname1 FirstName1
86, Lastname1 FirstName1
87, Lastname1 FirstName1
88, Lastname1 FirstName1
89, Lastname1 FirstName1
90, Lastname1 FirstName1
91, Lastname1 FirstName1
92, Lastname1 FirstName1
93, Lastname1 FirstName1
94, Lastname1 FirstName1
95, Lastname1 FirstName1
96, Lastname1 FirstName1
97, Lastname1 FirstName1
98, Lastname1 FirstName1
99, Lastname1 FirstName1
